Key,English,Vietnamese,Context,Screen,Category
app_name,N√¥ng Tr√≠,N√¥ng Tr√≠,"App name - brand identity, never translated",All,Brand
app_tagline,AI Farming Assistant,Tr·ª£ l√Ω AI n√¥ng nghi·ªáp,"Short tagline shown on language selection screen. Keep concise (max 25 chars).",Language Selection,Brand
ai_assistant_name,N√¥ng Tr√≠ AI,N√¥ng Tr√≠ AI,"Name used to identify AI in chat bubbles. Consistent branding.",Chat,Brand
select_language,Select Language,Ch·ªçn ng√¥n ng·ªØ,"Header for language selection screen. Clear call to action.",Language Selection,Headers
select_language_bilingual,Select Language / Ch·ªçn ng√¥n ng·ªØ,Select Language / Ch·ªçn ng√¥n ng·ªØ,"Bilingual prompt shown on language selection. Helps users who don't know current language.",Language Selection,Headers
choose_your_language,Choose your preferred language,Ch·ªçn ng√¥n ng·ªØ ∆∞a th√≠ch c·ªßa b·∫°n,"Instructional text explaining language selection. Friendly tone.",Language Selection,Instructions
continue,Continue,Ti·∫øp t·ª•c,"Button to proceed after language selection. Action verb, keep short.",Language Selection,Buttons
chat_title,N√¥ng Tr√≠,N√¥ng Tr√≠,"Title shown in chat screen top bar. Brand name.",Chat,Headers
menu_conversations,Conversations,Cu·ªôc tr√≤ chuy·ªán,"Menu item to view conversation list. Noun, plural.",Chat,Menu Items
menu_new_chat,New Chat,Tr√≤ chuy·ªán m·ªõi,"Menu item to start new conversation. Action phrase, concise.",Chat,Menu Items
menu_share_location,Share Location,Chia s·∫ª v·ªã tr√≠,"Menu item to share GPS location. Action phrase.",Chat,Menu Items
menu_language_section,Language,Ng√¥n ng·ªØ,"Section header in menu for language options. Singular noun.",Chat,Menu Items
menu_theme_section,Theme,Giao di·ªán,"Section header in menu for theme options. Singular noun.",Chat,Menu Items
back,Back,Quay l·∫°i,"Navigation action to go back. Short, universal.",All,Navigation
close,Close,ƒê√≥ng,"Action to close dialog/bottom sheet. Short, clear.",All,Navigation
cancel,Cancel,H·ªßy,"Action to cancel operation. Short, clear.",All,Navigation
ok,OK,OK,"Confirmation button. Universal abbreviation.",All,Buttons
yes,Yes,C√≥,"Affirmative response. Short, clear.",All,Buttons
no,No,Kh√¥ng,"Negative response. Short, clear.",All,Buttons
retry,Retry,Th·ª≠ l·∫°i,"Action to try again after error. Action verb.",All,Buttons
delete,Delete,X√≥a,"Action to delete item. Destructive action, keep clear.",All,Buttons
send,Send,G·ª≠i,"Action to send message/image. Action verb, short.",All,Buttons
confirm,Confirm,X√°c nh·∫≠n,"Action to confirm choice. Action verb.",All,Buttons
dismiss,Dismiss,B·ªè qua,"Action to dismiss notification/dialog. Action verb.",All,Buttons
welcome_message,Hello! I'm your AI farming assistant,Xin ch√†o! T√¥i l√† tr·ª£ l√Ω AI n√¥ng nghi·ªáp c·ªßa b·∫°n,"First message shown to new users. Warm, friendly greeting.",Chat,Messages
welcome_description,"Ask me anything about crops, livestock, pest management, or farming techniques. I'm here to help!","H·ªèi t√¥i b·∫•t c·ª© ƒëi·ªÅu g√¨ v·ªÅ c√¢y tr·ªìng, v·∫≠t nu√¥i, qu·∫£n l√Ω s√¢u b·ªánh ho·∫∑c k·ªπ thu·∫≠t canh t√°c. T√¥i ·ªü ƒë√¢y ƒë·ªÉ gi√∫p b·∫°n!","Description of AI capabilities. Encouraging, helpful tone. Lists key topics.",Chat,Messages
building_experience,Building your experience...,ƒêang x√¢y d·ª±ng tr·∫£i nghi·ªám...,"Loading message shown while initializing. Present continuous tense.",Chat,Status
starter_questions_header_vi,G·ª£i √Ω c√¢u h·ªèi,G·ª£i √Ω c√¢u h·ªèi,"Vietnamese header for suggested questions section. Always Vietnamese regardless of app language.",Chat,Headers
starter_questions_header_en,Suggested questions,Suggested questions,"English header for suggested questions section. Always English regardless of app language.",Chat,Headers
type_message,Type your message...,Nh·∫≠p tin nh·∫Øn c·ªßa b·∫°n...,"Placeholder text in message input field. Instructional, ends with ellipsis.",Chat,Placeholders
listening,Listening...,ƒêang nghe...,"Status shown during voice recording. Present continuous, ends with ellipsis.",Chat,Status
processing,Processing...,ƒêang x·ª≠ l√Ω...,"Status shown while processing voice/message. Present continuous, ends with ellipsis.",Chat,Status
transcribing,Transcribing...,ƒêang phi√™n √¢m...,"Status shown while converting voice to text. Present continuous, ends with ellipsis.",Chat,Status
tap_to_speak,Tap to speak,Ch·∫°m ƒë·ªÉ n√≥i,"Instruction for voice input. Action phrase, concise.",Chat,Instructions
release_to_send,Release to send,Th·∫£ ra ƒë·ªÉ g·ª≠i,"Instruction for voice recording gesture. Action phrase.",Chat,Instructions
slide_to_cancel_hint,< Slide to cancel,< Vu·ªët ƒë·ªÉ h·ªßy,"Hint shown during voice recording for cancel gesture. Includes directional arrow.",Chat,Instructions
text_message,Text message,Tin nh·∫Øn vƒÉn b·∫£n,"Label for text message type. Noun phrase.",Chat,Labels
voice_message,Voice message,Tin nh·∫Øn tho·∫°i,"Label for voice message type. Noun phrase.",Chat,Labels
image_message,Image message,Tin nh·∫Øn h√¨nh ·∫£nh,"Label for image message type. Noun phrase.",Chat,Labels
user_label,You,B·∫°n,"Label for user messages in chat. Second person pronoun.",Chat,Labels
ai_label,N√¥ng Tr√≠ AI,N√¥ng Tr√≠ AI,"Label for AI messages in chat. Brand name.",Chat,Labels
follow_up_section_header,üí° What's next?,üí° Ti·∫øp theo?,"Header for follow-up questions section. Includes lightbulb emoji. Curious, engaging tone.",Chat,Headers
action_copy,Copy,Sao ch√©p,"Action to copy text to clipboard. Action verb, short.",Chat,Actions
action_share,Share,Chia s·∫ª,"Action to share content. Action verb, short.",Chat,Actions
action_listen,Listen,Nghe,"Action to play TTS audio. Action verb, short.",Chat,Actions
action_listen_error,Listen (Error - tap to retry),Nghe (L·ªói - ch·∫°m ƒë·ªÉ th·ª≠ l·∫°i),"Action to retry TTS after error. Includes error state and recovery action.",Chat,Actions
action_thumbs_up,Good response,Ph·∫£n h·ªìi t·ªët,"Positive feedback action. Adjective phrase.",Chat,Actions
action_thumbs_down,Bad response,Ph·∫£n h·ªìi kh√¥ng t·ªët,"Negative feedback action. Adjective phrase.",Chat,Actions
share_ai_response,Share AI Response,Chia s·∫ª ph·∫£n h·ªìi AI,"Title for share dialog. Action phrase.",Chat,Dialogs
recording,Recording...,ƒêang ghi √¢m...,"Status during voice recording. Present continuous, ends with ellipsis.",Chat,Status
cancel_recording,Cancel,H·ªßy,"Action to cancel voice recording. Action verb, short. Same as general cancel.",Chat,Buttons
send_recording,Send recording,G·ª≠i b·∫£n ghi,"Action to send voice recording. Action phrase.",Chat,Buttons
attach_image,Attach image,ƒê√≠nh k√®m h√¨nh ·∫£nh,"Action to attach image. Action phrase.",Chat,Actions
take_photo,Take Photo,Ch·ª•p ·∫£nh,"Action to capture photo with camera. Action phrase.",Image,Actions
choose_from_gallery,Choose from Gallery,Ch·ªçn t·ª´ th∆∞ vi·ªán,"Action to select existing photo. Action phrase.",Image,Actions
camera,Camera,M√°y ·∫£nh,"Label for camera option. Singular noun.",Image,Labels
gallery,Gallery,Th∆∞ vi·ªán,"Label for gallery option. Singular noun.",Image,Labels
select_image_source,Select Image Source,Ch·ªçn ngu·ªìn h√¨nh ·∫£nh,"Bottom sheet title for image source selection. Instructional.",Image,Headers
capture_new_photo,Capture a new photo of your plant,Ch·ª•p ·∫£nh m·ªõi c√¢y tr·ªìng c·ªßa b·∫°n,"Description for camera option. Action phrase, specifies subject (plant).",Image,Instructions
select_existing_photo,Select an existing photo,Ch·ªçn ·∫£nh c√≥ s·∫µn,"Description for gallery option. Action phrase.",Image,Instructions
image_tips_text,"For best results, take clear photos in good lighting with the plant filling most of the frame.","ƒê·ªÉ c√≥ k·∫øt qu·∫£ t·ªët nh·∫•t, h√£y ch·ª•p ·∫£nh r√µ n√©t trong √°nh s√°ng t·ªët v·ªõi c√¢y tr·ªìng l·∫•p ƒë·∫ßy ph·∫ßn l·ªõn khung h√¨nh.","Photography tips for better diagnosis. Helpful, instructional tone. Mentions lighting and framing.",Image,Instructions
confirm_image,Confirm Image,X√°c nh·∫≠n h√¨nh ·∫£nh,"Dialog title for image confirmation. Action phrase.",Image,Dialogs
ask_question_about_plant,Ask a question about your plant:,ƒê·∫∑t c√¢u h·ªèi v·ªÅ c√¢y tr·ªìng c·ªßa b·∫°n:,"Label for question input field. Ends with colon. Friendly tone.",Image,Labels
default_plant_question,How is the health of my crop?,T√¨nh tr·∫°ng s·ª©c kh·ªèe c·ªßa c√¢y tr·ªìng c·ªßa t√¥i nh∆∞ th·∫ø n√†o?,"Default question pre-filled in image diagnosis. Ends with question mark. First person.",Image,Placeholders
send_for_diagnosis,Send for Diagnosis,G·ª≠i ƒë·ªÉ ch·∫©n ƒëo√°n,"Action to submit image for AI analysis. Action phrase.",Image,Buttons
diagnosis_info_text,The AI will analyze your plant image and provide health diagnosis with treatment recommendations.,AI s·∫Ω ph√¢n t√≠ch h√¨nh ·∫£nh c√¢y tr·ªìng c·ªßa b·∫°n v√† cung c·∫•p ch·∫©n ƒëo√°n s·ª©c kh·ªèe c√πng khuy·∫øn ngh·ªã ƒëi·ªÅu tr·ªã.,"Explanation of diagnosis process. Future tense, reassuring.",Image,Info
analyzing,Analyzing...,ƒêang ph√¢n t√≠ch...,"Status during AI analysis. Present continuous, ends with ellipsis.",Image,Status
analyzing_plant_health,Analyzing plant health...,ƒêang ph√¢n t√≠ch s·ª©c kh·ªèe c√¢y tr·ªìng...,"Specific status for plant analysis. Present continuous, ends with ellipsis.",Image,Status
health_status,Health status,T√¨nh tr·∫°ng s·ª©c kh·ªèe,"Label for health assessment section. Noun phrase.",Diagnosis,Labels
detected_issues,Detected Issues:,V·∫•n ƒë·ªÅ ph√°t hi·ªán:,"Section header for problems found. Ends with colon.",Diagnosis,Headers
severity_label, ‚Ä¢ Severity: , ‚Ä¢ M·ª©c ƒë·ªô: ,"Label for severity level. Includes bullet point and colon. Space-sensitive formatting.",Diagnosis,Labels
affected_label,Affected: ,B·ªã ·∫£nh h∆∞·ªüng: ,"Label for affected parts. Ends with colon and space.",Diagnosis,Labels
growth_stage,Growth Stage: ,Giai ƒëo·∫°n sinh tr∆∞·ªüng: ,"Label for growth stage. Ends with colon and space.",Diagnosis,Labels
listen_to_advice,Listen to advice,Nghe l·ªùi khuy√™n,"Action to play TTS of advice. Action phrase.",Diagnosis,Actions
analyzing_your_crop,Analyzing your crop photo...,ƒêang ph√¢n t√≠ch ·∫£nh c√¢y tr·ªìng c·ªßa b·∫°n...,"Progress message during async diagnosis. Present continuous, ends with ellipsis. Reassuring.",Diagnosis,Status
estimated_time,Estimated time: 2-3 minutes,Th·ªùi gian ∆∞·ªõc t√≠nh: 2-3 ph√∫t,"Time estimate for diagnosis completion. Includes specific range. Manages expectations.",Diagnosis,Status
notification_when_ready,We'll notify you when it's ready,Ch√∫ng t√¥i s·∫Ω th√¥ng b√°o khi s·∫µn s√†ng,"Promise of notification. Future tense, reassuring.",Diagnosis,Status
whats_happening,What's happening?,ƒêi·ªÅu g√¨ ƒëang x·∫£y ra?,"Section header explaining process. Question form, curious tone.",Diagnosis,Headers
diagnosis_pending_explanation,"Our AI is carefully analyzing your plant image to identify:\n‚Ä¢ Plant health status\n‚Ä¢ Diseases and pests\n‚Ä¢ Growth stage assessment\n‚Ä¢ Treatment recommendations","AI c·ªßa ch√∫ng t√¥i ƒëang c·∫©n th·∫≠n ph√¢n t√≠ch h√¨nh ·∫£nh c√¢y tr·ªìng c·ªßa b·∫°n ƒë·ªÉ x√°c ƒë·ªãnh:\n‚Ä¢ T√¨nh tr·∫°ng s·ª©c kh·ªèe c√¢y tr·ªìng\n‚Ä¢ B·ªánh v√† s√¢u h·∫°i\n‚Ä¢ ƒê√°nh gi√° giai ƒëo·∫°n sinh tr∆∞·ªüng\n‚Ä¢ Khuy·∫øn ngh·ªã ƒëi·ªÅu tr·ªã","Multi-line explanation of diagnosis process. Present continuous. Bulleted list. Reassuring, professional.",Diagnosis,Info
diagnosis_pending_info,You can close this app and continue your work. We'll send you a notification when the diagnosis is ready!,B·∫°n c√≥ th·ªÉ ƒë√≥ng ·ª©ng d·ª•ng n√†y v√† ti·∫øp t·ª•c c√¥ng vi·ªác. Ch√∫ng t√¥i s·∫Ω g·ª≠i th√¥ng b√°o khi ch·∫©n ƒëo√°n s·∫µn s√†ng!,"Permission to leave app. Two sentences. Reassuring, helpful. Ends with exclamation.",Diagnosis,Info
job_id_label,Job ID: ,M√£ c√¥ng vi·ªác: ,"Label for diagnosis job ID. Ends with colon and space. Technical reference.",Diagnosis,Labels
just_now,Just now,V·ª´a xong,"Relative time for very recent events. Present moment.",All,Timestamps
minutes_ago,m ago, ph√∫t tr∆∞·ªõc,"Suffix for minutes relative time. Short form 'm'. Includes leading space in Vietnamese.",All,Timestamps
hours_ago,h ago, gi·ªù tr∆∞·ªõc,"Suffix for hours relative time. Short form 'h'. Includes leading space in Vietnamese.",All,Timestamps
today,Today,H√¥m nay,"Relative time for today. Capitalized.",All,Timestamps
yesterday,Yesterday,H√¥m qua,"Relative time for yesterday. Capitalized.",All,Timestamps
days_ago, days ago, ng√†y tr∆∞·ªõc,"Suffix for days relative time. Includes leading space. Plural form.",All,Timestamps
weeks_ago, weeks ago, tu·∫ßn tr∆∞·ªõc,"Suffix for weeks relative time. Includes leading space. Plural form.",All,Timestamps
months_ago, months ago, th√°ng tr∆∞·ªõc,"Suffix for months relative time. Includes leading space. Plural form.",All,Timestamps
conversations,Conversations,Cu·ªôc tr√≤ chuy·ªán,"Screen title and menu item. Plural noun.",Conversations,Headers
new_conversation,New Conversation,Cu·ªôc tr√≤ chuy·ªán m·ªõi,"Action to create new conversation. Action phrase.",Conversations,Actions
no_conversations_yet,No conversations yet,Ch∆∞a c√≥ cu·ªôc tr√≤ chuy·ªán n√†o,"Empty state message. Simple statement of fact.",Conversations,Empty States
no_conversations_hint,Tap + to start a new conversation,Nh·∫•n + ƒë·ªÉ b·∫Øt ƒë·∫ßu cu·ªôc tr√≤ chuy·ªán m·ªõi,"Instruction for empty state. Action phrase, references UI element (+).",Conversations,Instructions
message_count_suffix, messages, tin nh·∫Øn,"Suffix for message count. Includes leading space. Plural form. Example: '5 messages'",Conversations,Labels
delete_conversation,Delete conversation,X√≥a cu·ªôc tr√≤ chuy·ªán,"Action to delete conversation. Action phrase. Destructive action.",Conversations,Actions
delete_conversation_title,Delete Conversation,X√≥a cu·ªôc tr√≤ chuy·ªán,"Dialog title for delete confirmation. Capitalized.",Conversations,Dialogs
delete_conversation_message,Are you sure you want to delete this conversation? This action cannot be undone.,B·∫°n c√≥ ch·∫Øc ch·∫Øn mu·ªën x√≥a cu·ªôc tr√≤ chuy·ªán n√†y? H√†nh ƒë·ªông n√†y kh√¥ng th·ªÉ ho√†n t√°c.,"Confirmation prompt. Two sentences. Warning about irreversibility. Question form.",Conversations,Dialogs
delete_conversation_confirm,Delete,X√≥a,"Destructive confirmation button. Action verb, short. Same as general delete.",Conversations,Buttons
location,Location,V·ªã tr√≠,"Label for location feature. Singular noun.",Location,Labels
share_location,Share Location,Chia s·∫ª v·ªã tr√≠,"Action to share location. Action phrase.",Location,Actions
update_location,Update Location,C·∫≠p nh·∫≠t v·ªã tr√≠,"Action to refresh location. Action phrase.",Location,Actions
share_gps_location,Share GPS Location,Chia s·∫ª v·ªã tr√≠ GPS,"Action to share precise GPS. Action phrase, specifies GPS.",Location,Actions
open_settings,Open Settings,M·ªü c√†i ƒë·∫∑t,"Action to open system settings. Action phrase.",Location,Actions
detected_location_ip,Detected Location (IP),V·ªã tr√≠ ph√°t hi·ªán (IP),"Label for IP-based location. Includes method in parentheses.",Location,Labels
my_shared_location_gps,My Shared Location (GPS),V·ªã tr√≠ chia s·∫ª c·ªßa t√¥i (GPS),"Label for GPS location. First person. Includes method in parentheses.",Location,Labels
unable_to_detect_location,Unable to determine location,Kh√¥ng th·ªÉ x√°c ƒë·ªãnh v·ªã tr√≠,"Error message for location failure. Polite, clear.",Location,Errors
share_location_description,Share your precise location for more accurate weather forecasts and farming advice.,Chia s·∫ª v·ªã tr√≠ ch√≠nh x√°c c·ªßa b·∫°n ƒë·ªÉ c√≥ d·ª± b√°o th·ªùi ti·∫øt v√† l·ªùi khuy√™n canh t√°c ch√≠nh x√°c h∆°n.,"Explanation of location benefits. Encourages sharing. Mentions weather and advice.",Location,Info
location_help_text,Your location helps provide accurate weather forecasts and farming advice for your area.,V·ªã tr√≠ c·ªßa b·∫°n gi√∫p cung c·∫•p d·ª± b√°o th·ªùi ti·∫øt v√† l·ªùi khuy√™n canh t√°c ch√≠nh x√°c cho khu v·ª±c c·ªßa b·∫°n.,"Informational text about location usage. Reassuring, transparent.",Location,Info
microphone_permission,Microphone Permission,Quy·ªÅn microphone,"Bottom sheet title for mic permission. Capitalized.",Permissions,Headers
voice_recording,Voice Recording,Ghi √¢m gi·ªçng n√≥i,"Feature label for voice. Noun phrase.",Permissions,Labels
microphone_permission_settings_prompt,Microphone permission is required to record voice messages. Please enable it in Settings.,C·∫ßn c√≥ quy·ªÅn microphone ƒë·ªÉ ghi √¢m tin nh·∫Øn tho·∫°i. Vui l√≤ng b·∫≠t trong C√†i ƒë·∫∑t.,"Prompt when user must go to settings. Two sentences. Polite 'Please'.",Permissions,Prompts
microphone_permission_prompt,Grant microphone permission to record and send voice messages to the AI assistant.,C·∫•p quy·ªÅn microphone ƒë·ªÉ ghi √¢m v√† g·ª≠i tin nh·∫Øn tho·∫°i cho tr·ª£ l√Ω AI.,"Initial permission request. Explains purpose. Action phrase starts.",Permissions,Prompts
grant_permission,Grant Permission,C·∫•p quy·ªÅn,"Action button for permission request. Action phrase.",Permissions,Buttons
voice_message_info_text,Voice messages are transcribed using AI and sent to the assistant for farming advice.,Tin nh·∫Øn tho·∫°i ƒë∆∞·ª£c phi√™n √¢m b·∫±ng AI v√† g·ª≠i ƒë·∫øn tr·ª£ l√Ω ƒë·ªÉ nh·∫≠n l·ªùi khuy√™n canh t√°c.,"Explanation of voice message processing. Passive voice. Transparent about AI usage.",Permissions,Info
camera_photo_permissions,Camera & Photo Permissions,Quy·ªÅn m√°y ·∫£nh & ·∫£nh,"Bottom sheet title for camera/photo permissions. Uses & symbol.",Permissions,Headers
camera_access,Camera Access,Truy c·∫≠p m√°y ·∫£nh,"Section header for camera permission. Noun phrase.",Permissions,Labels
camera_permission_settings_prompt,Camera permission is required to capture plant photos. Please enable it in Settings.,C·∫ßn c√≥ quy·ªÅn m√°y ·∫£nh ƒë·ªÉ ch·ª•p ·∫£nh c√¢y tr·ªìng. Vui l√≤ng b·∫≠t trong C√†i ƒë·∫∑t.,"Settings prompt for camera. Two sentences. Polite. Specifies use case (plant photos).",Permissions,Prompts
camera_permission_granted,Camera access granted ‚úì,ƒê√£ c·∫•p quy·ªÅn m√°y ·∫£nh ‚úì,"Success message with checkmark. Past tense. Includes checkmark symbol.",Permissions,Status
camera_permission_prompt,Allow camera access to capture photos of your plants for AI diagnosis.,Cho ph√©p truy c·∫≠p m√°y ·∫£nh ƒë·ªÉ ch·ª•p ·∫£nh c√¢y tr·ªìng c·ªßa b·∫°n cho ch·∫©n ƒëo√°n AI.,"Initial camera permission request. Explains purpose (plant diagnosis).",Permissions,Prompts
photo_library_access,Photo Library Access,Truy c·∫≠p th∆∞ vi·ªán ·∫£nh,"Section header for photo permission. Noun phrase.",Permissions,Labels
photo_library_permission_settings_prompt,Photo library permission is required to select existing images. Please enable it in Settings.,C·∫ßn c√≥ quy·ªÅn th∆∞ vi·ªán ·∫£nh ƒë·ªÉ ch·ªçn h√¨nh ·∫£nh c√≥ s·∫µn. Vui l√≤ng b·∫≠t trong C√†i ƒë·∫∑t.,"Settings prompt for photos. Two sentences. Polite. Specifies use case.",Permissions,Prompts
photo_library_permission_granted,Photo library access granted ‚úì,ƒê√£ c·∫•p quy·ªÅn th∆∞ vi·ªán ·∫£nh ‚úì,"Success message with checkmark. Past tense.",Permissions,Status
photo_library_permission_prompt,Allow photo library access to select existing plant images for diagnosis.,Cho ph√©p truy c·∫≠p th∆∞ vi·ªán ·∫£nh ƒë·ªÉ ch·ªçn h√¨nh ·∫£nh c√¢y tr·ªìng c√≥ s·∫µn cho ch·∫©n ƒëo√°n.,"Initial photo permission request. Explains purpose.",Permissions,Prompts
image_upload_info_text,Images are sent to our AI for plant health diagnosis and treatment recommendations.,H√¨nh ·∫£nh ƒë∆∞·ª£c g·ª≠i ƒë·∫øn AI c·ªßa ch√∫ng t√¥i ƒë·ªÉ ch·∫©n ƒëo√°n s·ª©c kh·ªèe c√¢y tr·ªìng v√† khuy·∫øn ngh·ªã ƒëi·ªÅu tr·ªã.,"Privacy/transparency message about image usage. Passive voice.",Permissions,Info
permission_granted_text,Permission granted,ƒê√£ c·∫•p quy·ªÅn,"Generic success message. Past tense, concise.",Permissions,Status
profile,Profile,H·ªì s∆°,"Menu item for profile. Singular noun.",Settings,Menu Items
settings,Settings,C√†i ƒë·∫∑t,"Menu item and screen title. Plural noun.",Settings,Menu Items
language,Language,Ng√¥n ng·ªØ,"Setting label. Singular noun.",Settings,Labels
theme,Theme,Giao di·ªán,"Setting label. Singular noun.",Settings,Labels
light,Light,S√°ng,"Theme option. Adjective.",Settings,Options
dark,Dark,T·ªëi,"Theme option. Adjective.",Settings,Options
system,System,H·ªá th·ªëng,"Theme option (short form). Adjective.",Settings,Options
system_default,System Default,M·∫∑c ƒë·ªãnh h·ªá th·ªëng,"Theme option (long form). Noun phrase.",Settings,Options
about,About,Gi·ªõi thi·ªáu,"Menu item for about screen. Preposition used as noun.",Settings,Menu Items
version,Version,Phi√™n b·∫£n,"Label for version number. Singular noun.",Settings,Labels
share_response,Share Response,Chia s·∫ª ph·∫£n h·ªìi,"Bottom sheet title for sharing. Action phrase.",Share,Headers
share_as_text,Share as Text,Chia s·∫ª d∆∞·ªõi d·∫°ng vƒÉn b·∫£n,"Option to share text. Action phrase.",Share,Options
share_as_image,Share as Image,Chia s·∫ª d∆∞·ªõi d·∫°ng h√¨nh ·∫£nh,"Option to share screenshot. Action phrase.",Share,Options
share_via_messaging,Share via messaging apps,Chia s·∫ª qua ·ª©ng d·ª•ng nh·∫Øn tin,"Description for text share. Lowercase, descriptive.",Share,Info
save_or_share_screenshot,Save or share as screenshot,L∆∞u ho·∫∑c chia s·∫ª ·∫£nh ch·ª•p m√†n h√¨nh,"Description for image share. Lowercase, descriptive.",Share,Info
error_generic,Something went wrong. Please try again.,ƒê√£ x·∫£y ra l·ªói. Vui l√≤ng th·ª≠ l·∫°i.,"Generic error message. Two sentences. Polite recovery action. Vague but friendly.",Errors,Generic
error_network,No internet connection. Please check your network.,Kh√¥ng c√≥ k·∫øt n·ªëi internet. Vui l√≤ng ki·ªÉm tra m·∫°ng c·ªßa b·∫°n.,"Network error. Two sentences. Specific problem and action.",Errors,Generic
error_microphone,Microphone access denied,Quy·ªÅn microphone b·ªã t·ª´ ch·ªëi,"Permission error. Passive voice, concise.",Errors,Generic
error_camera,Camera access denied,Quy·ªÅn m√°y ·∫£nh b·ªã t·ª´ ch·ªëi,"Permission error. Passive voice, concise.",Errors,Generic
error_permission,Permission required,Y√™u c·∫ßu quy·ªÅn,"Generic permission error. Noun phrase.",Errors,Generic
error_unknown,Unknown error,L·ªói kh√¥ng x√°c ƒë·ªãnh,"Fallback error message. Adjective + noun.",Errors,Generic
error_failed_to_send_message,Failed to send message,Kh√¥ng g·ª≠i ƒë∆∞·ª£c tin nh·∫Øn,"Specific operation failure. Past tense.",Errors,Specific
error_failed_to_load_conversations,Failed to load conversations,Kh√¥ng t·∫£i ƒë∆∞·ª£c cu·ªôc tr√≤ chuy·ªán,"List loading failure. Past tense.",Errors,Specific
error_failed_to_create_conversation,Failed to create conversation,Kh√¥ng t·∫°o ƒë∆∞·ª£c cu·ªôc tr√≤ chuy·ªán,"Creation failure. Past tense.",Errors,Specific
error_failed_to_delete_conversation,Failed to delete conversation,Kh√¥ng x√≥a ƒë∆∞·ª£c cu·ªôc tr√≤ chuy·ªán,"Deletion failure. Past tense.",Errors,Specific
error_failed_to_archive_conversation,Failed to archive conversation,Kh√¥ng l∆∞u tr·ªØ ƒë∆∞·ª£c cu·ªôc tr√≤ chuy·ªán,"Archive failure. Past tense.",Errors,Specific
error_failed_to_submit_diagnosis,Failed to submit diagnosis,Kh√¥ng g·ª≠i ƒë∆∞·ª£c ch·∫©n ƒëo√°n,"Submission failure. Past tense.",Errors,Specific
error_image_too_large,Image is too large. Please try a smaller image.,H√¨nh ·∫£nh qu√° l·ªõn. Vui l√≤ng th·ª≠ h√¨nh ·∫£nh nh·ªè h∆°n.,"Validation error. Two sentences. Specific problem and recovery action.",Errors,Specific
error_failed_to_process_image,Failed to process image. Please try again.,Kh√¥ng x·ª≠ l√Ω ƒë∆∞·ª£c h√¨nh ·∫£nh. Vui l√≤ng th·ª≠ l·∫°i.,"Image processing error. Two sentences. Generic recovery.",Errors,Specific
error_loading_conversations,Error loading conversations,L·ªói t·∫£i cu·ªôc tr√≤ chuy·ªán,"Loading error message. Noun phrase.",Errors,Specific
audio_not_available,‚ö† Audio not available,‚ö† √Çm thanh kh√¥ng kh·∫£ d·ª•ng,"Error state for TTS. Includes warning symbol. Polite negative.",Voice,Errors
play_voice_message,Play,Ph√°t,"Button to play audio. Action verb, short.",Voice,Actions
pause_voice_message,Pause,T·∫°m d·ª´ng,"Button to pause audio. Action verb, short.",Voice,Actions
plant_image,Plant Image,H√¨nh ·∫£nh c√¢y tr·ªìng,"Dialog title for fullscreen image. Noun phrase, capitalized.",Image,Headers
plant_image_fullscreen,Plant image fullscreen,H√¨nh ·∫£nh c√¢y tr·ªìng to√†n m√†n h√¨nh,"Content description for accessibility. Lowercase, descriptive.",Image,Accessibility
health_label,Health: ,S·ª©c kh·ªèe: ,"Label prefix with colon and space. Used in '  Health: Good'",Image,Labels
issues_detected, issue(s) detected, v·∫•n ƒë·ªÅ ph√°t hi·ªán,"Label suffix for issue count. Includes leading space. Plural with (s). Example: '3 issue(s) detected'",Image,Labels
image_quality_label,Image Quality: ,Ch·∫•t l∆∞·ª£ng h√¨nh ·∫£nh: ,"Label prefix with colon and space.",Image,Labels
cd_settings,Settings,C√†i ƒë·∫∑t,"Content description for settings icon. For screen readers.",All,Accessibility
cd_scroll_to_bottom,Scroll to bottom,Cu·ªôn xu·ªëng cu·ªëi,"Content description for FAB. For screen readers.",All,Accessibility
cd_new_conversation,New Conversation,Cu·ªôc tr√≤ chuy·ªán m·ªõi,"Content description for new conversation button. For screen readers.",All,Accessibility
cd_delete_conversation,Delete conversation,X√≥a cu·ªôc tr√≤ chuy·ªán,"Content description for delete button. For screen readers. Lowercase.",All,Accessibility
cd_voice_input,Voice input,Nh·∫≠p gi·ªçng n√≥i,"Content description for voice button. For screen readers. Lowercase.",All,Accessibility
cd_attach_image,Attach image,ƒê√≠nh k√®m h√¨nh ·∫£nh,"Content description for image button. For screen readers. Lowercase.",All,Accessibility
cd_camera,Camera,M√°y ·∫£nh,"Content description for camera icon. For screen readers.",All,Accessibility
cd_gallery,Gallery,Th∆∞ vi·ªán,"Content description for gallery icon. For screen readers.",All,Accessibility
cd_send,Send,G·ª≠i,"Content description for send button. For screen readers.",All,Accessibility
cd_back,Back,Quay l·∫°i,"Content description for back button. For screen readers.",All,Accessibility
cd_close,Close,ƒê√≥ng,"Content description for close button. For screen readers.",All,Accessibility
cd_cancel,Cancel,H·ªßy,"Content description for cancel button. For screen readers.",All,Accessibility
cd_copy,Copy,Sao ch√©p,"Content description for copy action. For screen readers.",All,Accessibility
cd_share,Share,Chia s·∫ª,"Content description for share action. For screen readers.",All,Accessibility
cd_play,Play,Ph√°t,"Content description for play button. For screen readers.",All,Accessibility
cd_pause,Pause,T·∫°m d·ª´ng,"Content description for pause button. For screen readers.",All,Accessibility
cd_selected_plant_image,Selected plant image,H√¨nh ·∫£nh c√¢y tr·ªìng ƒë√£ ch·ªçn,"Content description for selected image preview. For screen readers. Lowercase.",All,Accessibility
cd_plant_image_fullscreen,Plant image fullscreen,H√¨nh ·∫£nh c√¢y tr·ªìng to√†n m√†n h√¨nh,"Content description for fullscreen image. For screen readers. Lowercase.",All,Accessibility
cd_cancel_recording,Cancel recording,H·ªßy ghi √¢m,"Content description for cancel record button. For screen readers. Lowercase.",All,Accessibility
cd_send_recording,Send recording,G·ª≠i b·∫£n ghi,"Content description for send record button. For screen readers. Lowercase.",All,Accessibility
cd_crop,Crop,C√¢y tr·ªìng,"Content description for crop icon. For screen readers.",All,Accessibility
resume_voice_message,Resume,Ti·∫øp t·ª•c,"Action to resume paused voice message. Action verb, short.",Voice,Actions
plant_image_being_analyzed,Plant image being analyzed,H√¨nh ·∫£nh c√¢y tr·ªìng ƒëang ƒë∆∞·ª£c ph√¢n t√≠ch,"Content description for diagnosis pending image. For screen readers. Describes what's happening.",Diagnosis,Accessibility
no_image,No image,Kh√¥ng c√≥ h√¨nh ·∫£nh,"Message shown when image is missing or not available. Simple statement.",Image,Empty States
crop_label,Crop,C√¢y tr·ªìng,"Label for crop/plant in diagnosis response. Noun, singular.",Diagnosis,Labels
error_server_updating,Server is updating. Please try again in a few seconds.,M√°y ch·ªß ƒëang c·∫≠p nh·∫≠t. Vui l√≤ng th·ª≠ l·∫°i sau v√†i gi√¢y.,"Error when server is deploying/updating. Two sentences. Polite, asks to wait.",Errors,Specific
error_connection_failed,Unable to connect to server. Check your network connection.,Kh√¥ng th·ªÉ k·∫øt n·ªëi v·ªõi m√°y ch·ªß. Ki·ªÉm tra k·∫øt n·ªëi m·∫°ng.,"Connection error. Two sentences. Network troubleshooting.",Errors,Specific
